"user_id","username","password","email","phone","age","gender","create_time","update_time"
"1","张三","zhangsan123","zhangsan@example.com","13800138000","28","男","2023-01-15","2023-10-01"
"2","李四","lisi456","lisi@example.com","13800138001","34","男","2023-02-10","2023-10-02"
"3","王五","wangwu789","wangwu@example.com","13800138002","22","男","2023-03-05","2023-10-03"
"4","赵六","zhaoliu101","zhaoliu@example.com","13800138003","30","女","2023-04-20","2023-10-04"
"5","孙七","sunqi202","sunqi@example.com","13800138004","25","女","2023-05-12","2023-10-05"
"6","周八","zhouba303","zhouba@example.com","13800138005","40","男","2023-06-18","2023-10-06"
"7","吴九","wujiu404","wujiu@example.com","13800138006","19","女","2023-07-22","2023-10-07"
"8","郑十","zhengshi505","zhengshi@example.com","13800138007","27","男","2023-08-30","2023-10-08"
"9","王芳","wangfang606","wangfang@example.com","13800138008","33","女","2023-09-05","2023-10-09"
"10","刘伟","liuwei707","liuwei@example.com","13800138009","29","男","2023-10-01","2023-10-10"
"101","user101","password101","user101@example.com","13800138101","25","男","2023-10-01","2023-10-01"
"11","陈静","chenjing808","chenjing@example.com","13800138010","26","女","2023-01-20","2023-10-11"
"12","杨洋","yangyang909","yangyang@example.com","13800138011","31","男","2023-02-25","2023-10-12"
"13","高飞","gaofei101","gaofei@example.com","13800138012","24","男","2023-03-15","2023-10-13"
"14","林娜","linna202","linna@example.com","13800138013","29","女","2023-04-10","2023-10-14"
"15","郭强","guoqiang303","guoqiang@example.com","13800138014","35","男","2023-05-05","2023-10-15"
"16","何婷","heting404","heting@example.com","13800138015","23","女","2023-06-12","2023-10-16"
"17","马超","machao505","machao@example.com","13800138016","32","男","2023-07-18","2023-10-17"
"18","黄娟","huangjuan606","huangjuan@example.com","13800138017","27","女","2023-08-22","2023-10-18"
"19","邓伟","dengwei707","dengwei@example.com","13800138018","30","男","2023-09-28","2023-10-19"
"20","许敏","xumin808","xumin@example.com","13800138019","28","女","2023-10-05","2023-10-20"
"21","刘洋","liuyang909","liuyang@example.com","13800138020","29","男","2023-01-25","2023-10-21"
"22","张敏","zhangmin101","zhangmin@example.com","13800138021","26","女","2023-02-15","2023-10-22"
"23","王磊","wanglei202","wanglei@example.com","13800138022","33","男","2023-03-10","2023-10-23"
"24","李娜","lina303","lina@example.com","13800138023","24","女","2023-04-05","2023-10-24"
"25","赵强","zhaoqiang404","zhaoqiang@example.com","13800138024","31","男","2023-05-20","2023-10-25"
"26","孙丽","sunli505","sunli@example.com","13800138025","28","女","2023-06-15","2023-10-26"
"27","周伟","zhouwei606","zhouwei@example.com","13800138026","35","男","2023-07-10","2023-10-27"
"28","吴芳","wufang707","wufang@example.com","13800138027","22","女","2023-08-05","2023-10-28"
"29","郑超","zhengchao808","zhengchao@example.com","13800138028","30","男","2023-09-01","2023-10-29"
"30","王敏","wangmin909","wangmin@example.com","13800138029","27","女","2023-10-10","2023-10-30"
"31","陈伟","chenwei101","chenwei@example.com","13800138030","32","男","2023-01-05","2023-10-31"
"32","杨敏","yangmin202","yangmin@example.com","13800138031","25","女","2023-02-20","2023-11-01"
"33","高强","gaoqiang303","gaoqiang@example.com","13800138032","29","男","2023-03-25","2023-11-02"
"34","林丽","linli404","linli@example.com","13800138033","26","女","2023-04-30","2023-11-03"
"35","郭伟","guowei505","guowei@example.com","13800138034","34","男","2023-05-15","2023-11-04"
"36","何芳","hefang606","hefang@example.com","13800138035","23","女","2023-06-20","2023-11-05"
"37","马敏","mamin707","mamin@example.com","13800138036","28","女","2023-07-25","2023-11-06"
"38","黄伟","huangwei808","huangwei@example.com","13800138037","31","男","2023-08-30","2023-11-07"
"39","邓丽","dengli909","dengli@example.com","13800138038","27","女","2023-09-05","2023-11-08"
"40","许伟","xuwei101","xuwei@example.com","13800138039","30","男","2023-10-15","2023-11-09"
"103","张三23333","test123","test@example.com","13800138000","25","男","2025-02-09","2025-02-09"
"107","张大爷","zhangsanye123","zhangsanye@example.com","13800138000","28","男","2023-01-15","2023-10-01"
"108","张大爷2","zhangsanye2123","zhangsanye2@example.com","13800138000","28","男","2023-01-15","2023-10-01"
"105","陈新","test123","chenxin@example.com","13800138000","25","男","2025-02-09","2025-02-09"
"106","陈新2","test123","chenxin2@example.com","13800138000","25","男","2025-02-09","2025-02-09"
"41","Alice","alice101","alice@example.com","13500138040","45","女","2023-01-10","2023-12-10"
"42","Bob","bob202","bob@example.com","13100138041","52","男","2023-02-15","2023-12-11"
"43","Charlie","charlie303","charlie@example.com","13300138042","38","男","2023-03-20","2023-12-12"
"44","David","david404","david@example.com","15000138043","29","男","2023-04-25","2023-12-13"
"45","Eva","eva505","eva@example.com","13200138044","60","女","2023-05-30","2023-12-14"
"46","Frank","frank606","frank@example.com","14900138045","22","男","2023-06-05","2023-12-15"
"47","Grace","grace707","grace@example.com","15900138046","47","女","2023-07-10","2023-12-16"
"48","Henry","henry808","henry@example.com","15500138047","34","男","2023-08-15","2023-12-17"
"49","Ivy","ivy909","ivy@example.com","17700138048","56","女","2023-09-20","2023-12-18"
"50","Jack","jack101","jack@example.com","18800138049","41","男","2023-10-25","2023-12-19"
"51","Karen","karen202","karen@example.com","16600138050","18","女","2023-01-05","2023-12-20"
"52","Leo","leo303","leo@example.com","19900138051","50","男","2023-02-10","2023-12-21"
"53","Mia","mia404","mia@example.com","13600138052","39","女","2023-03-15","2023-12-22"
"54","Noah","noah505","noah@example.com","17500138053","27","男","2023-04-20","2023-12-23"
"55","Olivia","olivia606","olivia@example.com","18000138054","58","女","2023-05-25","2023-12-24"
"56","Paul","paul707","paul@example.com","15700138055","33","男","2023-06-30","2023-12-25"
"57","Quinn","quinn808","quinn@example.com","13200138056","44","女","2023-07-05","2023-12-26"
"58","Ryan","ryan909","ryan@example.com","18900138057","26","男","2023-08-10","2023-12-27"
"59","Sophia","sophia101","sophia@example.com","13400138058","55","女","2023-09-15","2023-12-28"
"60","Thomas","thomas202","thomas@example.com","17600138059","31","男","2023-10-20","2023-12-29"
"61","Uma","uma303","uma@example.com","15300138060","48","女","2023-01-25","2023-12-30"
"62","Victor","victor404","victor@example.com","13900138061","37","男","2023-02-28","2024-01-01"
"63","Wendy","wendy505","wendy@example.com","18500138062","59","女","2023-03-05","2024-01-02"
"64","Xander","xander606","xander@example.com","17300138063","20","男","2023-04-10","2024-01-03"
"65","Yara","yara707","yara@example.com","15800138064","42","女","2023-05-15","2024-01-04"
"66","Zack","zack808","zack@example.com","14500138065","53","男","2023-06-20","2024-01-05"
"67","Ava","ava909","ava@example.com","18100138066","36","女","2023-07-25","2024-01-06"
"68","Ben","ben101","ben@example.com","13700138067","49","男","2023-08-30","2024-01-07"
"69","Cara","cara202","cara@example.com","15600138068","23","女","2023-09-05","2024-01-08"
"70","Duke","duke303","duke@example.com","19800138069","54","男","2023-10-10","2024-01-09"
"71","Ella","ella404","ella@example.com","13500138070","65","女","2023-01-10","2023-12-10"
"72","Finn","finn505","finn@example.com","13100138071","72","男","2023-02-15","2023-12-11"
"73","Gina","gina606","gina@example.com","13300138072","81","女","2023-03-20","2023-12-12"
"74","Hank","hank707","hank@example.com","15000138073","95","男","2023-04-25","2023-12-13"
"75","Iris","iris808","iris@example.com","13200138074","18","女","2023-05-30","2023-12-14"
"76","Jake","jake909","jake@example.com","14900138075","24","男","2023-06-05","2023-12-15"
"77","Kara","kara101","kara@example.com","15900138076","47","女","2023-07-10","2023-12-16"
"78","Liam","liam202","liam@example.com","15500138077","34","男","2023-08-15","2023-12-17"
"79","Mona","mona303","mona@example.com","17700138078","56","女","2023-09-20","2023-12-18"
"80","Nate","nate404","nate@example.com","18800138079","41","男","2023-10-25","2023-12-19"
"81","Olive","olive505","olive@example.com","16600138080","18","女","2023-01-05","2023-12-20"
"82","Pete","pete606","pete@example.com","19900138081","50","男","2023-02-10","2023-12-21"
"83","Quincy","quincy707","quincy@example.com","13600138082","39","男","2023-03-15","2023-12-22"
"84","Rita","rita808","rita@example.com","17500138083","27","女","2023-04-20","2023-12-23"
"85","Sam","sam909","sam@example.com","18000138084","58","男","2023-05-25","2023-12-24"
"86","Tina","tina101","tina@example.com","15700138085","33","女","2023-06-30","2023-12-25"
"87","Umar","umar202","umar@example.com","13200138086","44","男","2023-07-05","2023-12-26"
"88","Vera","vera303","vera@example.com","18900138087","26","女","2023-08-10","2023-12-27"
"89","Will","will404","will@example.com","13400138088","55","男","2023-09-15","2023-12-28"
"90","Xena","xena505","xena@example.com","17600138089","31","女","2023-10-20","2023-12-29"
"91","Yuri","yuri606","yuri@example.com","15300138090","48","男","2023-01-25","2023-12-30"
"92","Zoe","zoe707","zoe@example.com","13900138091","37","女","2023-02-28","2024-01-01"
"93","Alex","alex808","alex@example.com","18500138092","59","男","2023-03-05","2024-01-02"
"94","Bella","bella909","bella@example.com","17300138093","20","女","2023-04-10","2024-01-03"
"95","Chris","chris101","chris@example.com","15800138094","42","男","2023-05-15","2024-01-04"
"96","Daisy","daisy202","daisy@example.com","14500138095","53","女","2023-06-20","2024-01-05"
"97","Ethan","ethan303","ethan@example.com","18100138096","36","男","2023-07-25","2024-01-06"
"98","Fiona","fiona404","fiona@example.com","13700138097","49","女","2023-08-30","2024-01-07"
"99","George","george505","george@example.com","15600138098","23","男","2023-09-05","2024-01-08"
"100","Hannah","hannah606","hannah@example.com","19800138099","54","女","2023-10-10","2024-01-09"
